{
  "features": [
    "food_quality_score",
    "viruddha_violations",
    "yoga_done",
    "yoga_accuracy_percent",
    "ojas_score",
    "tongue_coating",
    "tongue_color",
    "eye_redness",
    "heart_rate_bpm",
    "sleep_quality",
    "stress_level",
    "energy_level",
    "days_since_last_violation"
  ],
  "min": [
    15.0,
    0.0,
    0.0,
    0.0,
    15.0,
    0.4000000059604645,
    0.0,
    0.019999999552965164,
    43.599998474121094,
    1.7999999523162842,
    1.0,
    1.0,
    0.0
  ],
  "max": [
    97.30000305175781,
    5.0,
    1.0,
    100.0,
    84.5999984741211,
    5.0,
    2.299999952316284,
    2.7699999809265137,
    93.5999984741211,
    10.0,
    8.399999618530273,
    8.420000076293945,
    25.0
  ],
  "range": [
    82.30000305175781,
    5.0,
    1.0,
    100.0,
    69.5999984741211,
    4.599999904632568,
    2.299999952316284,
    2.75,
    50.0,
    8.199999809265137,
    7.399999618530273,
    7.420000076293945,
    25.0
  ],
  "n_features": 13,
  "window_size": 7,
  "forecast_days": 3
}